<?xml version="1.0"?>
<doc>
    <assembly>
        <name>Chloe.Oracle</name>
    </assembly>
    <members>
        <member name="M:Chloe.Oracle.DbExpressionHelper.AffirmExpressionRetValueIsNullOrEmpty(Chloe.DbExpressions.DbExpression)">
            <summary>
            判定 exp 返回值肯定是 null 或 ''
            </summary>
            <param name="exp"></param>
            <returns></returns>
        </member>
        <member name="P:Chloe.Oracle.OracleContext.ConvertToUppercase">
            <summary>
            是否将 sql 中的表名/字段名转成大写。默认为 true。
            </summary>
        </member>
    </members>
</doc>
